Ca√±ada del muerto, 18:07 ho  ,Guillermo Fern√°ndez Groizard                                                                            
Ca√ßador Mas Pouco            ,Manuel Amaro da Costa                                                                                    
Ca√Øn et Abel: 1√®re parti    ,Bertrand Arthuys                                                                                         
Ca√Øn et Abel: 2√®me parti    ,Bertrand Arthuys                                                                                         
Ca√±o M√°namo                 ,Carlos Azp√∫rua                                                                                          
Ca√≠dos do C√©u               ,Luiz de Barros                                                                                           
Ca√ßada no Rio Das Cinzas     ,Alberto Botelho                                                                                          
Ca√≠n, Abel y el otro         ,Ren√© Cardona Jr.                                                                                        
Ca√ßadas Er√≥ticas            ,David Cardoso                                                                                            
Ca√±on City                   ,Christopher Chulack                                                                                      
Ca√ßadoras do Sexo            ,Costa Cotrim                                                                                             
Ca√≠da del caballo            ,Miguel C√≥rcega                                                                                          
Ca√≠do del cielo              ,Heriberto L√≥pez de Anda                                                                                 
Ca√≠n                         ,Nicol√°s Del Boca                                                                                        
Ca√≠da Libre                  ,Roger Delmont                                                                                            
Ca√≠da del caballo            ,V√≠ctor Fouilloux                                                                                        
Ca√Øn                         ,Jacques Gagn√©                                                                                           
Ca√≠do del cielo              ,Jos√© Ganga                                                                                              
Ca√≠da del escenario          ,Salvador Garcini                                                                                         
Ca√≠da del escenario          ,Jos√© √?ngel Garc√≠a                                                                                     
Ca√≠n                         ,Manuel Iborra                                                                                            
Ca√≠dos y cruzados            ,√?lex de la Iglesia                                                                                      
Ca√ßa Submarina               ,Jo√£o Igl√©sias                                                                                          
Ca√≠dos del cielo             ,Francisco J. Lombardi                                                                                    
Ca√ßando Feras                ,Libero Luxardo                                                                                           
Ca√≠do del cielo              ,Pepe Maldonado                                                                                           
Ca√ßa ao Tesouro              ,Jorge Marecos Duarte                                                                                     
Ca√ßar a Pantera              ,Santa Martha                                                                                             
Ca√ßa ao Bilhete              ,Ot√°vio Martins                                                                                          
Ca√±averal                    ,√ìscar Men√©ndez                                                                                         
Ca√ßadas no Alentejo          ,Armando de Miranda                                                                                       
Cab                           ,Akio Murahashi                                                                                           
Ca√≠n                         ,Gustavo Nieto Roa                                                                                        
Ca√±as y barro                ,Juan de Ordu√±a                                                                                          
Ca√Øn                         ,Pierre Patry                                                                                             
Ca√±a brava                   ,Ram√≥n Pereda                                                                                            
Ca√Øn, aventures des mers ex  ,L√©on Poirier                                                                                            
Ca√ßadas Er√≥ticas            ,Cl√°udio Portioli                                                                                        
Ca√ßa                         ,Jorge Queiroga                                                                                           
Ca√ßada Sangrenta             ,Ozualdo Ribeiro Candeias                                                                                 
Ca√ßador de Talentos          ,C√©sar Rodrigues                                                                                         
Ca√ßadas de Pedrinho: Part 1  ,M√°rcio Trigo                                                                                            
Ca√ßadas de Pedrinho: Part 2  ,M√°rcio Trigo                                                                                            
Ca√ßadas de Pedrinho: Part 3  ,M√°rcio Trigo                                                                                            
Ca√ßadas de Pedrinho: Part 4  ,M√°rcio Trigo                                                                                            
Ca√ßadas de Pedrinho: Part 5  ,M√°rcio Trigo                                                                                            
Ca√±on of the Rio Grande      ,James H. White                                                                                           
Ca√ßar com Gato               ,Fernando √?vila                                                                                          
Ca√≠da del Cielo              ,N√©stor S√°nchez Sotelo                                                                                  
Ca√Øn et Abel                 ,Louis Choquette                                                                                          
Cab                           ,Thomas D. Moser                                                                                          
Ca√≠to                        ,Guillermo Pfening                                                                                        
Ca√≠to                        ,Guillermo Pfening                                                                                        
Ca√±√≠                        ,Alfredo L√≥pez                                                                                           
Ca√±√≠                        ,Gabi Beneroso                                                                                            
Ca√±√≠                        ,Kike Kanalla                                                                                             
Caantata para tres            ,Juan Manuel Fontanals                                                                                    
Ca√ßa a Paposa                ,Ant√¥nio Campos                                                                                          
Ca√±a Brava: Wild Sugar Cane  ,Hiali Nahual-Qui√±onez                                                                                   
Ca√±eros                      ,Adrian Carrasco Zanini                                                                                   
Ca√≠n                         ,Lino Escalera                                                                                            
Ca√≠da libre                  ,Alfonso Pineda Ulloa                                                                                     
Caaravaan                     ,Kanti Shah                                                                                               
Caasha                        ,Lotta Kupiainen                                                                                          
Ca√±os                        ,Marilyn Maciel                                                                                           
Ca√≠to                        ,Pablo Ambrosini                                                                                          
Ca√±itas. Presencia           ,Julio Cesar Estrada                                                                                      
Ca√±as borrascosas            ,Arantxa √âcija                                                                                           
Ca√ßador Mas Pouco            ,Miguel Guerreiro                                                                                         
Ca√≠da libre                  ,Ricardo Vargas Lozano                                                                                    
Ca√±as y barra                ,Alberto Fernandez-Arguelles                                                                              
Ca√≠da libre                  ,Arantxa Vela                                                                                             
Ca√ßats i discutits           ,Sergi Cervera                                                                                            
Ca√≥tica                      ,Luca Paiva Mello                                                                                         
Ca√≠da libre                  ,Adr√≠an Asdr√∫sbal Galindo                                                                               
Ca√≠do do Ceo                 ,Manuel A. Espi√±eira                                                                                     
Ca√≥tica                      ,Luis Pinheiro                                                                                            
Ca√≠do del cielo              ,Jorge Medina Mac√≠as                                                                                     
Ca√ßador                      ,Leonardo Sette                                                                                           
Ca√ßa ao Tesouro              ,Andre Forni                                                                                              
Ca√≠da libre                  ,Manuel Mendieta                                                                                          
Ca√Øssa                       ,Caroline Stucky                                                                                          
Ca√ßa ao Bilhete              ,Rogerio Farah                                                                                            
Ca√Øds des cit√©s: Le nouv    ,J√©r√¥me Pierrat                                                                                         
Ca√Øds des cit√©s: Le nouv    ,J√©r√¥me Pierrat                                                                                         
Ca√±√≥n Corto                 ,Alejo Serra                                                                                              
Ca√Ød                         ,Vincent Vandries                                                                                         
Ca√±amo Zona Norte            ,Axel Nu√±ez                                                                                              
Ca√ßat!                       ,Jordi O. Romero                                                                                          
Ca√¥                          ,Kelanie Aragon                                                                                           
Ca√ßador de Talentos          ,Jo√£o Fonseca                                                                                            
Ca√≠dos del mapa              ,Nicol√°s Silbert                                                                                         
Ca√≠dos del mapa              ,Leandro Mark                                                                                             
Ca√≠dos                       ,Jaime Herrero                                                                                            
Ca√≠da libre                  ,Rolando Ocampo                                                                                           
Ca√ßador Mas Pouco            ,Paulo Rodrigues                                                                                          
Ca√Øn et Abel ou la jalousie  ,Se√°n McCormack                                                                                          
Caatingas em Risco            ,Augusto Amorim                                                                                           
Ca√≠da Libre                  ,Alejandro Aimetta                                                                                        
Ca√ßador                      ,Jordi Porcel                                                                                             
Ca√ßador                      ,H√®ctor Prats                                                                                            
Ca√≥tica Ana                  ,Miguel √?ngel Viruete                                                                                    
Caazu                         ,Ronak Kamat                                                                                              
Ca√±onazo Tropical            ,Felipe Garc√≠a-Pe√±a Hoyos                                                                               
Ca√±ones Ocultos Entre Las F  ,Juli√°n Castro                                                                                           
Ca√Øds                        ,Fran√ßois Troukens                                                                                       
Ca√Ønisme                     ,Florian Coulon                                                                                           
Ca√ßadores de Esp√©cies e     ,Ruisdael Marques                                                                                         
Ca√ßadores de Esp√©cies e     ,Guata Maftum                                                                                             
Ca√ßadores de Esp√©cies e     ,Lucas Botega                                                                                             
Ca√Øssa                       ,Colin Denhart                                                                                            
Caatingas em Risco            ,Neison Freire                                                                                            
Caaarnage Fuck Me             ,Prettykitty Miaos                                                                                        
Ca√Ød                         ,Johnathan Lempernesse                                                                                    
