Ca√±o M√°namo                 ,Carlos Azp√∫rua                                                                                          
Ca√≠dos do C√©u               ,Luiz de Barros                                                                                           
Ca√≠n, Abel y el otro         ,Ren√© Cardona Jr.                                                                                        
Ca√ßadas Er√≥ticas            ,David Cardoso                                                                                            
Ca√±on City                   ,Christopher Chulack                                                                                      
Ca√ßadoras do Sexo            ,Costa Cotrim                                                                                             
Ca√≠n                         ,Nicol√°s Del Boca                                                                                        
Ca√≠do del cielo              ,Jos√© Ganga                                                                                              
Ca√≠n                         ,Manuel Iborra                                                                                            
Ca√ßa Submarina               ,Jo√£o Igl√©sias                                                                                          
Ca√≠dos del cielo             ,Francisco J. Lombardi                                                                                    
Ca√ßando Feras                ,Libero Luxardo                                                                                           
Ca√≠do del cielo              ,Pepe Maldonado                                                                                           
Ca√ßa ao Tesouro              ,Jorge Marecos Duarte                                                                                     
Ca√ßar a Pantera              ,Santa Martha                                                                                             
Ca√±averal                    ,√ìscar Men√©ndez                                                                                         
Ca√ßadas no Alentejo          ,Armando de Miranda                                                                                       
Cab                           ,Akio Murahashi                                                                                           
Ca√≠n                         ,Gustavo Nieto Roa                                                                                        
Ca√±as y barro                ,Juan de Ordu√±a                                                                                          
Ca√Øn                         ,Pierre Patry                                                                                             
Ca√±a brava                   ,Ram√≥n Pereda                                                                                            
Ca√Øn, aventures des mers ex  ,L√©on Poirier                                                                                            
Ca√ßadas Er√≥ticas            ,Cl√°udio Portioli                                                                                        
Ca√ßada Sangrenta             ,Ozualdo Ribeiro Candeias                                                                                 
Ca√±on of the Rio Grande      ,James H. White                                                                                           
Ca√ßar com Gato               ,Fernando √?vila                                                                                          
Ca√≠to                        ,Guillermo Pfening                                                                                        
Ca√±√≠                        ,Alfredo L√≥pez                                                                                           
Ca√±√≠                        ,Gabi Beneroso                                                                                            
Ca√±√≠                        ,Kike Kanalla                                                                                             
Ca√±eros                      ,Adrian Carrasco Zanini                                                                                   
Caasha                        ,Lotta Kupiainen                                                                                          
Ca√±os                        ,Marilyn Maciel                                                                                           
Ca√≠to                        ,Pablo Ambrosini                                                                                          
Ca√±itas. Presencia           ,Julio Cesar Estrada                                                                                      
Ca√±as borrascosas            ,Arantxa √âcija                                                                                           
Ca√±as y barra                ,Alberto Fernandez-Arguelles                                                                              
Ca√≠da libre                  ,Arantxa Vela                                                                                             
Ca√≠da libre                  ,Adr√≠an Asdr√∫sbal Galindo                                                                               
